{
    "CSF1PO": {
        "12.0": 0.2890625,
        "11.0": 0.27445652173913043,
        "10.0": 0.26970108695652173,
        "8.0": 0.044157608695652176,
        "13.0": 0.041440217391304345,
        "7.0": 0.033967391304347824,
        "9.0": 0.033967391304347824,
        "14.0": 0.01154891304347826,
        "15.0": 0.0010190217391304348,
        "6.0": 0.0006793478260869565
    },
    "D10S1248": {
        "14.0": 0.28872282608695654,
        "13.0": 0.2516983695652174,
        "15.0": 0.22044836956521738,
        "16.0": 0.10495923913043478,
        "12.0": 0.08559782608695653,
        "11.0": 0.021739130434782608,
        "17.0": 0.01936141304347826,
        "10.0": 0.003736413043478261,
        "18.0": 0.001358695652173913,
        "9.0": 0.001358695652173913,
        "8.0": 0.0006793478260869565,
        "15.3": 0.00033967391304347825
    },
    "D12S391": {
        "18.0": 0.22520380434782608,
        "19.0": 0.13009510869565216,
        "20.0": 0.1253396739130435,
        "17.0": 0.11752717391304347,
        "22.0": 0.08457880434782608,
        "21.0": 0.07438858695652174,
        "15.0": 0.06997282608695653,
        "23.0": 0.05672554347826087,
        "16.0": 0.042119565217391304,
        "18.3": 0.019021739130434784,
        "17.3": 0.01596467391304348,
        "24.0": 0.011209239130434782,
        "25.0": 0.009510869565217392,
        "19.3": 0.005434782608695652,
        "26.0": 0.004076086956521739,
        "19.1": 0.0030570652173913045,
        "17.1": 0.0020380434782608695,
        "18.1": 0.0010190217391304348,
        "20.1": 0.0006793478260869565,
        "14.0": 0.00033967391304347825,
        "27.0": 0.00033967391304347825,
        "20.3": 0.00033967391304347825,
        "15.1": 0.00033967391304347825,
        "16.1": 0.00033967391304347825,
        "23.1": 0.00033967391304347825
    },
    "D13S317": {
        "12.0": 0.375679347826087,
        "11.0": 0.25985054347826086,
        "13.0": 0.13892663043478262,
        "8.0": 0.06182065217391304,
        "9.0": 0.06148097826086957,
        "14.0": 0.06080163043478261,
        "10.0": 0.03974184782608696,
        "15.0": 0.001358695652173913,
        "7.1": 0.00033967391304347825
    },
    "D16S539": {
        "11.0": 0.28566576086956524,
        "12.0": 0.23811141304347827,
        "9.0": 0.18648097826086957,
        "13.0": 0.14334239130434784,
        "10.0": 0.09307065217391304,
        "8.0": 0.02717391304347826,
        "14.0": 0.024456521739130436,
        "15.0": 0.0016983695652173913
    },
    "D18S51": {
        "16.0": 0.16508152173913043,
        "15.0": 0.15115489130434784,
        "17.0": 0.13994565217391305,
        "14.0": 0.10767663043478261,
        "12.0": 0.10360054347826086,
        "18.0": 0.09850543478260869,
        "19.0": 0.07710597826086957,
        "13.0": 0.06793478260869565,
        "20.0": 0.035326086956521736,
        "21.0": 0.01936141304347826,
        "11.0": 0.010869565217391304,
        "22.0": 0.006114130434782609,
        "15.2": 0.004415760869565217,
        "14.2": 0.0033967391304347825,
        "13.2": 0.0033967391304347825,
        "10.0": 0.002717391304347826,
        "23.0": 0.002377717391304348,
        "25.0": 0.00033967391304347825,
        "12.2": 0.00033967391304347825,
        "10.2": 0.00033967391304347825
    },
    "D19S433": {
        "14.0": 0.27241847826086957,
        "13.0": 0.265625,
        "15.0": 0.11141304347826086,
        "12.0": 0.09714673913043478,
        "15.2": 0.05638586956521739,
        "13.2": 0.046875,
        "11.0": 0.03770380434782609,
        "14.2": 0.03226902173913043,
        "16.0": 0.024116847826086956,
        "16.2": 0.021059782608695652,
        "12.2": 0.020720108695652172,
        "10.0": 0.00577445652173913,
        "17.2": 0.004755434782608696,
        "17.0": 0.001358695652173913,
        "9.0": 0.001358695652173913,
        "11.2": 0.0010190217391304348
    },
    "D1S1656": {
        "14.0": 0.18987771739130435,
        "15.0": 0.13485054347826086,
        "16.0": 0.1280570652173913,
        "13.0": 0.10326086956521739,
        "12.0": 0.09171195652173914,
        "17.3": 0.07880434782608696,
        "16.3": 0.07710597826086957,
        "11.0": 0.05502717391304348,
        "17.0": 0.044157608695652176,
        "15.3": 0.03770380434782609,
        "18.3": 0.029551630434782608,
        "14.3": 0.010869565217391304,
        "10.0": 0.008831521739130434,
        "19.3": 0.004076086956521739,
        "18.0": 0.002377717391304348,
        "16.1": 0.0010190217391304348,
        "20.3": 0.0006793478260869565,
        "17.1": 0.0006793478260869565,
        "8.0": 0.00033967391304347825,
        "15.2": 0.00033967391304347825,
        "13.3": 0.00033967391304347825,
        "19.0": 0.00033967391304347825
    },
    "D21S11": {
        "30.0": 0.2269021739130435,
        "29.0": 0.22112771739130435,
        "28.0": 0.17357336956521738,
        "31.2": 0.08423913043478261,
        "32.2": 0.07710597826086957,
        "31.0": 0.07099184782608696,
        "33.2": 0.03872282608695652,
        "27.0": 0.030230978260869564,
        "35.0": 0.01970108695652174,
        "32.0": 0.016304347826086956,
        "30.2": 0.016304347826086956,
        "36.0": 0.007133152173913043,
        "34.2": 0.003736413043478261,
        "33.0": 0.0016983695652173913,
        "33.1": 0.0016983695652173913,
        "34.0": 0.0016983695652173913,
        "24.3": 0.001358695652173913,
        "25.0": 0.001358695652173913,
        "30.3": 0.0010190217391304348,
        "26.0": 0.0010190217391304348,
        "29.3": 0.0010190217391304348,
        "32.1": 0.0006793478260869565,
        "24.2": 0.0006793478260869565,
        "23.2": 0.0006793478260869565,
        "29.2": 0.00033967391304347825,
        "37.0": 0.00033967391304347825,
        "28.1": 0.00033967391304347825
    },
    "D22S1045": {
        "15.0": 0.30672554347826086,
        "16.0": 0.25883152173913043,
        "17.0": 0.171875,
        "11.0": 0.10394021739130435,
        "14.0": 0.06759510869565218,
        "12.0": 0.036684782608695655,
        "10.0": 0.026494565217391304,
        "18.0": 0.018682065217391304,
        "13.0": 0.004755434782608696,
        "8.0": 0.002377717391304348,
        "19.0": 0.0020380434782608695
    },
    "D2S1338": {
        "17.0": 0.16338315217391305,
        "19.0": 0.14707880434782608,
        "23.0": 0.10699728260869565,
        "21.0": 0.10122282608695653,
        "20.0": 0.09205163043478261,
        "24.0": 0.09171195652173914,
        "22.0": 0.08152173913043478,
        "25.0": 0.07710597826086957,
        "16.0": 0.0625,
        "18.0": 0.059103260869565216,
        "26.0": 0.013247282608695652,
        "27.0": 0.0016983695652173913,
        "23.2": 0.0006793478260869565,
        "15.0": 0.0006793478260869565,
        "14.0": 0.0006793478260869565,
        "13.0": 0.00033967391304347825
    },
    "D2S441": {
        "11.0": 0.34408967391304346,
        "14.0": 0.26052989130434784,
        "10.0": 0.15726902173913043,
        "12.0": 0.09273097826086957,
        "11.3": 0.06182065217391304,
        "13.0": 0.042798913043478264,
        "15.0": 0.029891304347826088,
        "16.0": 0.0033967391304347825,
        "12.3": 0.0030570652173913045,
        "13.3": 0.002377717391304348,
        "9.0": 0.0010190217391304348,
        "14.3": 0.0006793478260869565,
        "8.0": 0.00033967391304347825
    },
    "D3S1358": {
        "15.0": 0.3094429347826087,
        "16.0": 0.29347826086956524,
        "17.0": 0.203125,
        "18.0": 0.09137228260869565,
        "14.0": 0.08491847826086957,
        "13.0": 0.00577445652173913,
        "19.0": 0.005434782608695652,
        "12.0": 0.0033967391304347825,
        "20.0": 0.0010190217391304348,
        "9.0": 0.0010190217391304348,